"apps";"interface";"Blocks"
"1";"ep.D.x";"ib";".1"
"2";"mg.D.x";"eth";".1"
"3";"bt.D.x";"eth";".1"
"4";"ondes3d";"ib";".1"
"5";"ondes3d";"eth";".1"
"6";"intel";"ipoib";".1"
"7";"sp.D.x";"ib";".1"
"8";"cg.D.x";"ipoib";".1"
"9";"is.D.x";"ib";".1"
"10";"imb_CPU";"ipoib";".1"
"11";"imb_memory";"ib";".1"
"12";"ep.D.x";"ipoib";".1"
"13";"imb_CPU";"eth";".1"
"14";"imb_CPU";"ib";".1"
"15";"is.D.x";"ipoib";".1"
"16";"intel";"ib";".1"
"17";"is.D.x";"eth";".1"
"18";"imb_memory";"eth";".1"
"19";"cg.D.x";"ib";".1"
"20";"lu.D.x";"eth";".1"
"21";"mg.D.x";"ipoib";".1"
"22";"mg.D.x";"ib";".1"
"23";"imb_memory";"ipoib";".1"
"24";"lu.D.x";"ib";".1"
"25";"bt.D.x";"ib";".1"
"26";"ep.D.x";"eth";".1"
"27";"bt.D.x";"ipoib";".1"
"28";"sp.D.x";"ipoib";".1"
"29";"ondes3d";"ipoib";".1"
"30";"ft.D.x";"ib";".1"
"31";"lu.D.x";"ipoib";".1"
"32";"ft.D.x";"eth";".1"
"33";"cg.D.x";"eth";".1"
"34";"ft.D.x";"ipoib";".1"
"35";"intel";"eth";".1"
"36";"sp.D.x";"eth";".1"
"37";"ft.D.x";"ib";".2"
"38";"mg.D.x";"ipoib";".2"
"39";"intel";"ipoib";".2"
"40";"ondes3d";"ib";".2"
"41";"sp.D.x";"eth";".2"
"42";"bt.D.x";"ipoib";".2"
"43";"ft.D.x";"eth";".2"
"44";"intel";"eth";".2"
"45";"is.D.x";"ipoib";".2"
"46";"imb_memory";"ipoib";".2"
"47";"intel";"ib";".2"
"48";"ft.D.x";"ipoib";".2"
"49";"is.D.x";"eth";".2"
"50";"is.D.x";"ib";".2"
"51";"imb_CPU";"eth";".2"
"52";"ondes3d";"ipoib";".2"
"53";"ep.D.x";"ib";".2"
"54";"ep.D.x";"eth";".2"
"55";"bt.D.x";"ib";".2"
"56";"imb_CPU";"ipoib";".2"
"57";"imb_memory";"ib";".2"
"58";"bt.D.x";"eth";".2"
"59";"cg.D.x";"eth";".2"
"60";"lu.D.x";"ib";".2"
"61";"sp.D.x";"ipoib";".2"
"62";"mg.D.x";"ib";".2"
"63";"ep.D.x";"ipoib";".2"
"64";"ondes3d";"eth";".2"
"65";"lu.D.x";"ipoib";".2"
"66";"imb_CPU";"ib";".2"
"67";"sp.D.x";"ib";".2"
"68";"cg.D.x";"ib";".2"
"69";"mg.D.x";"eth";".2"
"70";"lu.D.x";"eth";".2"
"71";"cg.D.x";"ipoib";".2"
"72";"imb_memory";"eth";".2"
"73";"bt.D.x";"ipoib";".3"
"74";"ondes3d";"ib";".3"
"75";"ft.D.x";"ib";".3"
"76";"lu.D.x";"ipoib";".3"
"77";"bt.D.x";"ib";".3"
"78";"mg.D.x";"ipoib";".3"
"79";"imb_CPU";"ib";".3"
"80";"imb_memory";"ipoib";".3"
"81";"is.D.x";"ipoib";".3"
"82";"intel";"eth";".3"
"83";"mg.D.x";"ib";".3"
"84";"bt.D.x";"eth";".3"
"85";"ft.D.x";"ipoib";".3"
"86";"imb_memory";"ib";".3"
"87";"sp.D.x";"eth";".3"
"88";"lu.D.x";"ib";".3"
"89";"imb_memory";"eth";".3"
"90";"is.D.x";"eth";".3"
"91";"sp.D.x";"ib";".3"
"92";"ep.D.x";"ipoib";".3"
"93";"ondes3d";"eth";".3"
"94";"ep.D.x";"ib";".3"
"95";"imb_CPU";"eth";".3"
"96";"is.D.x";"ib";".3"
"97";"cg.D.x";"ipoib";".3"
"98";"cg.D.x";"eth";".3"
"99";"ep.D.x";"eth";".3"
"100";"intel";"ipoib";".3"
"101";"ondes3d";"ipoib";".3"
"102";"ft.D.x";"eth";".3"
"103";"cg.D.x";"ib";".3"
"104";"sp.D.x";"ipoib";".3"
"105";"imb_CPU";"ipoib";".3"
"106";"lu.D.x";"eth";".3"
"107";"intel";"ib";".3"
"108";"mg.D.x";"eth";".3"
"109";"intel";"eth";".4"
"110";"intel";"ib";".4"
"111";"mg.D.x";"ipoib";".4"
"112";"imb_CPU";"ib";".4"
"113";"ft.D.x";"eth";".4"
"114";"bt.D.x";"eth";".4"
"115";"is.D.x";"ib";".4"
"116";"ep.D.x";"ipoib";".4"
"117";"cg.D.x";"eth";".4"
"118";"ondes3d";"eth";".4"
"119";"is.D.x";"ipoib";".4"
"120";"ep.D.x";"ib";".4"
"121";"imb_memory";"ipoib";".4"
"122";"sp.D.x";"eth";".4"
"123";"ft.D.x";"ib";".4"
"124";"imb_memory";"eth";".4"
"125";"lu.D.x";"eth";".4"
"126";"bt.D.x";"ipoib";".4"
"127";"lu.D.x";"ib";".4"
"128";"imb_CPU";"ipoib";".4"
"129";"ondes3d";"ib";".4"
"130";"sp.D.x";"ib";".4"
"131";"is.D.x";"eth";".4"
"132";"cg.D.x";"ib";".4"
"133";"bt.D.x";"ib";".4"
"134";"lu.D.x";"ipoib";".4"
"135";"imb_memory";"ib";".4"
"136";"ep.D.x";"eth";".4"
"137";"ft.D.x";"ipoib";".4"
"138";"mg.D.x";"ib";".4"
"139";"cg.D.x";"ipoib";".4"
"140";"imb_CPU";"eth";".4"
"141";"intel";"ipoib";".4"
"142";"mg.D.x";"eth";".4"
"143";"sp.D.x";"ipoib";".4"
"144";"ondes3d";"ipoib";".4"
"145";"ft.D.x";"ib";".5"
"146";"intel";"ib";".5"
"147";"mg.D.x";"ib";".5"
"148";"is.D.x";"ib";".5"
"149";"mg.D.x";"eth";".5"
"150";"ep.D.x";"eth";".5"
"151";"imb_CPU";"ipoib";".5"
"152";"bt.D.x";"eth";".5"
"153";"intel";"eth";".5"
"154";"is.D.x";"eth";".5"
"155";"imb_memory";"eth";".5"
"156";"bt.D.x";"ib";".5"
"157";"is.D.x";"ipoib";".5"
"158";"ondes3d";"ipoib";".5"
"159";"imb_memory";"ipoib";".5"
"160";"lu.D.x";"ib";".5"
"161";"ondes3d";"ib";".5"
"162";"ondes3d";"eth";".5"
"163";"cg.D.x";"eth";".5"
"164";"sp.D.x";"ib";".5"
"165";"ep.D.x";"ib";".5"
"166";"imb_memory";"ib";".5"
"167";"bt.D.x";"ipoib";".5"
"168";"imb_CPU";"ib";".5"
"169";"ft.D.x";"eth";".5"
"170";"ep.D.x";"ipoib";".5"
"171";"intel";"ipoib";".5"
"172";"mg.D.x";"ipoib";".5"
"173";"imb_CPU";"eth";".5"
"174";"cg.D.x";"ipoib";".5"
"175";"cg.D.x";"ib";".5"
"176";"lu.D.x";"eth";".5"
"177";"lu.D.x";"ipoib";".5"
"178";"ft.D.x";"ipoib";".5"
"179";"sp.D.x";"eth";".5"
"180";"sp.D.x";"ipoib";".5"
"181";"lu.D.x";"ipoib";".6"
"182";"intel";"eth";".6"
"183";"ep.D.x";"ib";".6"
"184";"mg.D.x";"ib";".6"
"185";"cg.D.x";"ib";".6"
"186";"ep.D.x";"eth";".6"
"187";"bt.D.x";"eth";".6"
"188";"cg.D.x";"eth";".6"
"189";"intel";"ib";".6"
"190";"imb_memory";"eth";".6"
"191";"sp.D.x";"eth";".6"
"192";"lu.D.x";"ib";".6"
"193";"ft.D.x";"ib";".6"
"194";"lu.D.x";"eth";".6"
"195";"cg.D.x";"ipoib";".6"
"196";"ondes3d";"ipoib";".6"
"197";"ft.D.x";"eth";".6"
"198";"mg.D.x";"eth";".6"
"199";"bt.D.x";"ipoib";".6"
"200";"imb_CPU";"ib";".6"
"201";"bt.D.x";"ib";".6"
"202";"ondes3d";"ib";".6"
"203";"sp.D.x";"ipoib";".6"
"204";"ft.D.x";"ipoib";".6"
"205";"is.D.x";"ib";".6"
"206";"imb_CPU";"eth";".6"
"207";"ondes3d";"eth";".6"
"208";"sp.D.x";"ib";".6"
"209";"mg.D.x";"ipoib";".6"
"210";"imb_memory";"ipoib";".6"
"211";"is.D.x";"eth";".6"
"212";"is.D.x";"ipoib";".6"
"213";"imb_memory";"ib";".6"
"214";"ep.D.x";"ipoib";".6"
"215";"intel";"ipoib";".6"
"216";"imb_CPU";"ipoib";".6"
"217";"ep.D.x";"eth";".7"
"218";"ft.D.x";"eth";".7"
"219";"ep.D.x";"ib";".7"
"220";"ep.D.x";"ipoib";".7"
"221";"ondes3d";"ipoib";".7"
"222";"imb_memory";"ib";".7"
"223";"lu.D.x";"eth";".7"
"224";"ft.D.x";"ipoib";".7"
"225";"intel";"ib";".7"
"226";"is.D.x";"eth";".7"
"227";"ft.D.x";"ib";".7"
"228";"mg.D.x";"eth";".7"
"229";"lu.D.x";"ib";".7"
"230";"imb_CPU";"eth";".7"
"231";"bt.D.x";"ipoib";".7"
"232";"imb_memory";"eth";".7"
"233";"is.D.x";"ipoib";".7"
"234";"cg.D.x";"ib";".7"
"235";"sp.D.x";"eth";".7"
"236";"sp.D.x";"ib";".7"
"237";"imb_CPU";"ib";".7"
"238";"cg.D.x";"eth";".7"
"239";"bt.D.x";"ib";".7"
"240";"is.D.x";"ib";".7"
"241";"imb_memory";"ipoib";".7"
"242";"intel";"eth";".7"
"243";"cg.D.x";"ipoib";".7"
"244";"ondes3d";"eth";".7"
"245";"ondes3d";"ib";".7"
"246";"mg.D.x";"ipoib";".7"
"247";"sp.D.x";"ipoib";".7"
"248";"mg.D.x";"ib";".7"
"249";"imb_CPU";"ipoib";".7"
"250";"lu.D.x";"ipoib";".7"
"251";"intel";"ipoib";".7"
"252";"bt.D.x";"eth";".7"
"253";"ft.D.x";"ib";".8"
"254";"lu.D.x";"ipoib";".8"
"255";"bt.D.x";"eth";".8"
"256";"mg.D.x";"ipoib";".8"
"257";"ep.D.x";"ib";".8"
"258";"is.D.x";"ipoib";".8"
"259";"intel";"eth";".8"
"260";"ondes3d";"ipoib";".8"
"261";"mg.D.x";"ib";".8"
"262";"sp.D.x";"ipoib";".8"
"263";"imb_CPU";"eth";".8"
"264";"ep.D.x";"eth";".8"
"265";"lu.D.x";"ib";".8"
"266";"imb_CPU";"ipoib";".8"
"267";"mg.D.x";"eth";".8"
"268";"imb_memory";"ib";".8"
"269";"lu.D.x";"eth";".8"
"270";"cg.D.x";"ipoib";".8"
"271";"cg.D.x";"ib";".8"
"272";"ft.D.x";"ipoib";".8"
"273";"sp.D.x";"ib";".8"
"274";"ondes3d";"ib";".8"
"275";"bt.D.x";"ipoib";".8"
"276";"imb_memory";"ipoib";".8"
"277";"ft.D.x";"eth";".8"
"278";"intel";"ipoib";".8"
"279";"is.D.x";"ib";".8"
"280";"is.D.x";"eth";".8"
"281";"imb_memory";"eth";".8"
"282";"cg.D.x";"eth";".8"
"283";"ep.D.x";"ipoib";".8"
"284";"intel";"ib";".8"
"285";"imb_CPU";"ib";".8"
"286";"bt.D.x";"ib";".8"
"287";"ondes3d";"eth";".8"
"288";"sp.D.x";"eth";".8"
"289";"lu.D.x";"ipoib";".9"
"290";"ondes3d";"eth";".9"
"291";"ep.D.x";"eth";".9"
"292";"cg.D.x";"eth";".9"
"293";"cg.D.x";"ib";".9"
"294";"sp.D.x";"eth";".9"
"295";"sp.D.x";"ipoib";".9"
"296";"imb_memory";"eth";".9"
"297";"ft.D.x";"ipoib";".9"
"298";"ondes3d";"ib";".9"
"299";"lu.D.x";"eth";".9"
"300";"ep.D.x";"ib";".9"
"301";"ep.D.x";"ipoib";".9"
"302";"ondes3d";"ipoib";".9"
"303";"cg.D.x";"ipoib";".9"
"304";"lu.D.x";"ib";".9"
"305";"bt.D.x";"eth";".9"
"306";"bt.D.x";"ib";".9"
"307";"ft.D.x";"ib";".9"
"308";"mg.D.x";"eth";".9"
"309";"mg.D.x";"ib";".9"
"310";"sp.D.x";"ib";".9"
"311";"imb_CPU";"ib";".9"
"312";"intel";"ipoib";".9"
"313";"is.D.x";"eth";".9"
"314";"is.D.x";"ipoib";".9"
"315";"imb_memory";"ib";".9"
"316";"imb_CPU";"ipoib";".9"
"317";"intel";"ib";".9"
"318";"ft.D.x";"eth";".9"
"319";"imb_memory";"ipoib";".9"
"320";"is.D.x";"ib";".9"
"321";"intel";"eth";".9"
"322";"bt.D.x";"ipoib";".9"
"323";"mg.D.x";"ipoib";".9"
"324";"imb_CPU";"eth";".9"
"325";"ondes3d";"ib";".10"
"326";"imb_memory";"ipoib";".10"
"327";"ondes3d";"eth";".10"
"328";"bt.D.x";"ib";".10"
"329";"intel";"ipoib";".10"
"330";"sp.D.x";"ib";".10"
"331";"lu.D.x";"eth";".10"
"332";"mg.D.x";"ipoib";".10"
"333";"ep.D.x";"ipoib";".10"
"334";"lu.D.x";"ipoib";".10"
"335";"mg.D.x";"ib";".10"
"336";"ft.D.x";"eth";".10"
"337";"ep.D.x";"eth";".10"
"338";"mg.D.x";"eth";".10"
"339";"sp.D.x";"eth";".10"
"340";"lu.D.x";"ib";".10"
"341";"imb_memory";"eth";".10"
"342";"ondes3d";"ipoib";".10"
"343";"ep.D.x";"ib";".10"
"344";"ft.D.x";"ib";".10"
"345";"imb_CPU";"ipoib";".10"
"346";"sp.D.x";"ipoib";".10"
"347";"bt.D.x";"ipoib";".10"
"348";"cg.D.x";"eth";".10"
"349";"is.D.x";"ib";".10"
"350";"intel";"eth";".10"
"351";"bt.D.x";"eth";".10"
"352";"ft.D.x";"ipoib";".10"
"353";"is.D.x";"eth";".10"
"354";"imb_memory";"ib";".10"
"355";"cg.D.x";"ib";".10"
"356";"is.D.x";"ipoib";".10"
"357";"imb_CPU";"eth";".10"
"358";"imb_CPU";"ib";".10"
"359";"intel";"ib";".10"
"360";"cg.D.x";"ipoib";".10"
"361";"ondes3d";"ipoib";".11"
"362";"ondes3d";"ib";".11"
"363";"lu.D.x";"ipoib";".11"
"364";"imb_memory";"eth";".11"
"365";"intel";"ipoib";".11"
"366";"cg.D.x";"eth";".11"
"367";"is.D.x";"ipoib";".11"
"368";"ft.D.x";"ib";".11"
"369";"imb_CPU";"ib";".11"
"370";"bt.D.x";"ipoib";".11"
"371";"imb_memory";"ipoib";".11"
"372";"mg.D.x";"ipoib";".11"
"373";"is.D.x";"ib";".11"
"374";"intel";"eth";".11"
"375";"sp.D.x";"ib";".11"
"376";"ft.D.x";"ipoib";".11"
"377";"is.D.x";"eth";".11"
"378";"mg.D.x";"eth";".11"
"379";"lu.D.x";"ib";".11"
"380";"lu.D.x";"eth";".11"
"381";"sp.D.x";"ipoib";".11"
"382";"imb_CPU";"ipoib";".11"
"383";"bt.D.x";"ib";".11"
"384";"intel";"ib";".11"
"385";"ep.D.x";"ipoib";".11"
"386";"imb_memory";"ib";".11"
"387";"cg.D.x";"ipoib";".11"
"388";"imb_CPU";"eth";".11"
"389";"cg.D.x";"ib";".11"
"390";"mg.D.x";"ib";".11"
"391";"ep.D.x";"ib";".11"
"392";"ondes3d";"eth";".11"
"393";"sp.D.x";"eth";".11"
"394";"ep.D.x";"eth";".11"
"395";"bt.D.x";"eth";".11"
"396";"ft.D.x";"eth";".11"
"397";"cg.D.x";"ipoib";".12"
"398";"ep.D.x";"ipoib";".12"
"399";"sp.D.x";"ipoib";".12"
"400";"cg.D.x";"ib";".12"
"401";"sp.D.x";"ib";".12"
"402";"sp.D.x";"eth";".12"
"403";"ep.D.x";"eth";".12"
"404";"imb_memory";"ib";".12"
"405";"bt.D.x";"eth";".12"
"406";"lu.D.x";"ib";".12"
"407";"bt.D.x";"ib";".12"
"408";"lu.D.x";"ipoib";".12"
"409";"ondes3d";"ipoib";".12"
"410";"ft.D.x";"eth";".12"
"411";"imb_CPU";"ipoib";".12"
"412";"imb_memory";"eth";".12"
"413";"ondes3d";"ib";".12"
"414";"ep.D.x";"ib";".12"
"415";"lu.D.x";"eth";".12"
"416";"imb_CPU";"eth";".12"
"417";"intel";"eth";".12"
"418";"mg.D.x";"eth";".12"
"419";"is.D.x";"eth";".12"
"420";"ft.D.x";"ib";".12"
"421";"imb_CPU";"ib";".12"
"422";"mg.D.x";"ipoib";".12"
"423";"ft.D.x";"ipoib";".12"
"424";"bt.D.x";"ipoib";".12"
"425";"intel";"ipoib";".12"
"426";"intel";"ib";".12"
"427";"ondes3d";"eth";".12"
"428";"imb_memory";"ipoib";".12"
"429";"mg.D.x";"ib";".12"
"430";"is.D.x";"ib";".12"
"431";"is.D.x";"ipoib";".12"
"432";"cg.D.x";"eth";".12"
"433";"lu.D.x";"eth";".13"
"434";"bt.D.x";"eth";".13"
"435";"bt.D.x";"ib";".13"
"436";"ft.D.x";"eth";".13"
"437";"lu.D.x";"ib";".13"
"438";"is.D.x";"ib";".13"
"439";"mg.D.x";"ib";".13"
"440";"cg.D.x";"ib";".13"
"441";"mg.D.x";"ipoib";".13"
"442";"sp.D.x";"ipoib";".13"
"443";"ft.D.x";"ipoib";".13"
"444";"is.D.x";"ipoib";".13"
"445";"ep.D.x";"ib";".13"
"446";"sp.D.x";"eth";".13"
"447";"ondes3d";"eth";".13"
"448";"imb_memory";"ipoib";".13"
"449";"ft.D.x";"ib";".13"
"450";"bt.D.x";"ipoib";".13"
"451";"intel";"ipoib";".13"
"452";"ep.D.x";"eth";".13"
"453";"sp.D.x";"ib";".13"
"454";"cg.D.x";"ipoib";".13"
"455";"intel";"eth";".13"
"456";"cg.D.x";"eth";".13"
"457";"imb_CPU";"eth";".13"
"458";"ep.D.x";"ipoib";".13"
"459";"is.D.x";"eth";".13"
"460";"imb_memory";"ib";".13"
"461";"imb_CPU";"ib";".13"
"462";"ondes3d";"ib";".13"
"463";"imb_memory";"eth";".13"
"464";"lu.D.x";"ipoib";".13"
"465";"mg.D.x";"eth";".13"
"466";"imb_CPU";"ipoib";".13"
"467";"intel";"ib";".13"
"468";"ondes3d";"ipoib";".13"
"469";"imb_memory";"eth";".14"
"470";"ft.D.x";"eth";".14"
"471";"imb_CPU";"ib";".14"
"472";"sp.D.x";"eth";".14"
"473";"is.D.x";"ib";".14"
"474";"mg.D.x";"ib";".14"
"475";"cg.D.x";"ipoib";".14"
"476";"intel";"eth";".14"
"477";"imb_CPU";"eth";".14"
"478";"bt.D.x";"eth";".14"
"479";"imb_memory";"ipoib";".14"
"480";"lu.D.x";"ib";".14"
"481";"bt.D.x";"ib";".14"
"482";"imb_CPU";"ipoib";".14"
"483";"ep.D.x";"eth";".14"
"484";"cg.D.x";"ib";".14"
"485";"mg.D.x";"eth";".14"
"486";"lu.D.x";"ipoib";".14"
"487";"lu.D.x";"eth";".14"
"488";"ep.D.x";"ipoib";".14"
"489";"cg.D.x";"eth";".14"
"490";"ft.D.x";"ib";".14"
"491";"ft.D.x";"ipoib";".14"
"492";"ep.D.x";"ib";".14"
"493";"intel";"ib";".14"
"494";"is.D.x";"ipoib";".14"
"495";"imb_memory";"ib";".14"
"496";"ondes3d";"eth";".14"
"497";"bt.D.x";"ipoib";".14"
"498";"is.D.x";"eth";".14"
"499";"sp.D.x";"ib";".14"
"500";"ondes3d";"ib";".14"
"501";"ondes3d";"ipoib";".14"
"502";"intel";"ipoib";".14"
"503";"sp.D.x";"ipoib";".14"
"504";"mg.D.x";"ipoib";".14"
"505";"mg.D.x";"eth";".15"
"506";"ep.D.x";"ipoib";".15"
"507";"imb_memory";"ib";".15"
"508";"imb_CPU";"ipoib";".15"
"509";"lu.D.x";"ipoib";".15"
"510";"ondes3d";"ib";".15"
"511";"mg.D.x";"ib";".15"
"512";"ondes3d";"ipoib";".15"
"513";"lu.D.x";"eth";".15"
"514";"intel";"ib";".15"
"515";"imb_memory";"ipoib";".15"
"516";"cg.D.x";"eth";".15"
"517";"is.D.x";"ipoib";".15"
"518";"intel";"ipoib";".15"
"519";"lu.D.x";"ib";".15"
"520";"cg.D.x";"ib";".15"
"521";"bt.D.x";"ipoib";".15"
"522";"sp.D.x";"ipoib";".15"
"523";"is.D.x";"ib";".15"
"524";"cg.D.x";"ipoib";".15"
"525";"imb_CPU";"ib";".15"
"526";"imb_CPU";"eth";".15"
"527";"sp.D.x";"ib";".15"
"528";"mg.D.x";"ipoib";".15"
"529";"bt.D.x";"eth";".15"
"530";"bt.D.x";"ib";".15"
"531";"sp.D.x";"eth";".15"
"532";"ondes3d";"eth";".15"
"533";"intel";"eth";".15"
"534";"ft.D.x";"ib";".15"
"535";"is.D.x";"eth";".15"
"536";"ep.D.x";"eth";".15"
"537";"ep.D.x";"ib";".15"
"538";"ft.D.x";"ipoib";".15"
"539";"imb_memory";"eth";".15"
"540";"ft.D.x";"eth";".15"
"541";"intel";"ipoib";".16"
"542";"sp.D.x";"eth";".16"
"543";"ft.D.x";"ib";".16"
"544";"imb_memory";"ipoib";".16"
"545";"ft.D.x";"eth";".16"
"546";"ondes3d";"eth";".16"
"547";"is.D.x";"ipoib";".16"
"548";"imb_CPU";"ib";".16"
"549";"imb_memory";"ib";".16"
"550";"mg.D.x";"ipoib";".16"
"551";"lu.D.x";"ib";".16"
"552";"imb_memory";"eth";".16"
"553";"lu.D.x";"ipoib";".16"
"554";"sp.D.x";"ib";".16"
"555";"is.D.x";"ib";".16"
"556";"intel";"eth";".16"
"557";"ft.D.x";"ipoib";".16"
"558";"ondes3d";"ipoib";".16"
"559";"sp.D.x";"ipoib";".16"
"560";"lu.D.x";"eth";".16"
"561";"bt.D.x";"ipoib";".16"
"562";"ep.D.x";"eth";".16"
"563";"is.D.x";"eth";".16"
"564";"imb_CPU";"eth";".16"
"565";"bt.D.x";"ib";".16"
"566";"imb_CPU";"ipoib";".16"
"567";"intel";"ib";".16"
"568";"cg.D.x";"eth";".16"
"569";"mg.D.x";"ib";".16"
"570";"ep.D.x";"ipoib";".16"
"571";"ondes3d";"ib";".16"
"572";"cg.D.x";"ib";".16"
"573";"mg.D.x";"eth";".16"
"574";"ep.D.x";"ib";".16"
"575";"bt.D.x";"eth";".16"
"576";"cg.D.x";"ipoib";".16"
"577";"mg.D.x";"ipoib";".17"
"578";"bt.D.x";"eth";".17"
"579";"ep.D.x";"eth";".17"
"580";"imb_memory";"eth";".17"
"581";"lu.D.x";"ib";".17"
"582";"lu.D.x";"eth";".17"
"583";"cg.D.x";"ipoib";".17"
"584";"imb_CPU";"eth";".17"
"585";"imb_CPU";"ipoib";".17"
"586";"is.D.x";"ipoib";".17"
"587";"imb_memory";"ib";".17"
"588";"ep.D.x";"ib";".17"
"589";"ep.D.x";"ipoib";".17"
"590";"ondes3d";"ib";".17"
"591";"sp.D.x";"eth";".17"
"592";"mg.D.x";"ib";".17"
"593";"sp.D.x";"ipoib";".17"
"594";"ft.D.x";"ipoib";".17"
"595";"ondes3d";"ipoib";".17"
"596";"ft.D.x";"eth";".17"
"597";"cg.D.x";"eth";".17"
"598";"sp.D.x";"ib";".17"
"599";"mg.D.x";"eth";".17"
"600";"ft.D.x";"ib";".17"
"601";"is.D.x";"eth";".17"
"602";"bt.D.x";"ipoib";".17"
"603";"cg.D.x";"ib";".17"
"604";"bt.D.x";"ib";".17"
"605";"intel";"ib";".17"
"606";"lu.D.x";"ipoib";".17"
"607";"intel";"eth";".17"
"608";"imb_memory";"ipoib";".17"
"609";"imb_CPU";"ib";".17"
"610";"intel";"ipoib";".17"
"611";"is.D.x";"ib";".17"
"612";"ondes3d";"eth";".17"
"613";"ft.D.x";"ib";".18"
"614";"imb_memory";"ib";".18"
"615";"intel";"ib";".18"
"616";"intel";"ipoib";".18"
"617";"sp.D.x";"ib";".18"
"618";"cg.D.x";"eth";".18"
"619";"imb_memory";"ipoib";".18"
"620";"ep.D.x";"eth";".18"
"621";"ep.D.x";"ipoib";".18"
"622";"mg.D.x";"ipoib";".18"
"623";"cg.D.x";"ib";".18"
"624";"imb_CPU";"eth";".18"
"625";"bt.D.x";"ib";".18"
"626";"mg.D.x";"ib";".18"
"627";"ondes3d";"eth";".18"
"628";"mg.D.x";"eth";".18"
"629";"ondes3d";"ib";".18"
"630";"cg.D.x";"ipoib";".18"
"631";"imb_CPU";"ipoib";".18"
"632";"sp.D.x";"ipoib";".18"
"633";"is.D.x";"eth";".18"
"634";"lu.D.x";"ipoib";".18"
"635";"ft.D.x";"ipoib";".18"
"636";"bt.D.x";"eth";".18"
"637";"bt.D.x";"ipoib";".18"
"638";"ondes3d";"ipoib";".18"
"639";"lu.D.x";"eth";".18"
"640";"sp.D.x";"eth";".18"
"641";"imb_CPU";"ib";".18"
"642";"is.D.x";"ib";".18"
"643";"lu.D.x";"ib";".18"
"644";"ep.D.x";"ib";".18"
"645";"is.D.x";"ipoib";".18"
"646";"intel";"eth";".18"
"647";"ft.D.x";"eth";".18"
"648";"imb_memory";"eth";".18"
"649";"intel";"ipoib";".19"
"650";"is.D.x";"eth";".19"
"651";"imb_CPU";"ib";".19"
"652";"imb_memory";"eth";".19"
"653";"ft.D.x";"ipoib";".19"
"654";"ft.D.x";"eth";".19"
"655";"ft.D.x";"ib";".19"
"656";"bt.D.x";"eth";".19"
"657";"lu.D.x";"ib";".19"
"658";"intel";"eth";".19"
"659";"intel";"ib";".19"
"660";"cg.D.x";"eth";".19"
"661";"sp.D.x";"ib";".19"
"662";"bt.D.x";"ipoib";".19"
"663";"cg.D.x";"ib";".19"
"664";"ondes3d";"ipoib";".19"
"665";"lu.D.x";"ipoib";".19"
"666";"imb_memory";"ipoib";".19"
"667";"ep.D.x";"ib";".19"
"668";"mg.D.x";"ib";".19"
"669";"lu.D.x";"eth";".19"
"670";"cg.D.x";"ipoib";".19"
"671";"imb_CPU";"ipoib";".19"
"672";"sp.D.x";"eth";".19"
"673";"ondes3d";"eth";".19"
"674";"sp.D.x";"ipoib";".19"
"675";"is.D.x";"ib";".19"
"676";"ep.D.x";"eth";".19"
"677";"ep.D.x";"ipoib";".19"
"678";"bt.D.x";"ib";".19"
"679";"mg.D.x";"ipoib";".19"
"680";"mg.D.x";"eth";".19"
"681";"imb_CPU";"eth";".19"
"682";"is.D.x";"ipoib";".19"
"683";"imb_memory";"ib";".19"
"684";"ondes3d";"ib";".19"
"685";"imb_CPU";"ib";".20"
"686";"cg.D.x";"ipoib";".20"
"687";"ondes3d";"ib";".20"
"688";"cg.D.x";"eth";".20"
"689";"mg.D.x";"ipoib";".20"
"690";"bt.D.x";"eth";".20"
"691";"ep.D.x";"eth";".20"
"692";"is.D.x";"ib";".20"
"693";"intel";"ipoib";".20"
"694";"lu.D.x";"eth";".20"
"695";"sp.D.x";"ipoib";".20"
"696";"imb_memory";"eth";".20"
"697";"intel";"eth";".20"
"698";"bt.D.x";"ipoib";".20"
"699";"sp.D.x";"ib";".20"
"700";"ep.D.x";"ipoib";".20"
"701";"cg.D.x";"ib";".20"
"702";"bt.D.x";"ib";".20"
"703";"is.D.x";"eth";".20"
"704";"mg.D.x";"eth";".20"
"705";"sp.D.x";"eth";".20"
"706";"imb_memory";"ib";".20"
"707";"ft.D.x";"ipoib";".20"
"708";"lu.D.x";"ipoib";".20"
"709";"imb_CPU";"ipoib";".20"
"710";"mg.D.x";"ib";".20"
"711";"imb_CPU";"eth";".20"
"712";"ft.D.x";"eth";".20"
"713";"intel";"ib";".20"
"714";"ondes3d";"eth";".20"
"715";"ondes3d";"ipoib";".20"
"716";"is.D.x";"ipoib";".20"
"717";"ft.D.x";"ib";".20"
"718";"lu.D.x";"ib";".20"
"719";"imb_memory";"ipoib";".20"
"720";"ep.D.x";"ib";".20"
"721";"intel";"ib";".21"
"722";"cg.D.x";"eth";".21"
"723";"ep.D.x";"ib";".21"
"724";"cg.D.x";"ipoib";".21"
"725";"bt.D.x";"ib";".21"
"726";"is.D.x";"ib";".21"
"727";"ondes3d";"ipoib";".21"
"728";"mg.D.x";"ipoib";".21"
"729";"lu.D.x";"eth";".21"
"730";"ft.D.x";"ipoib";".21"
"731";"is.D.x";"ipoib";".21"
"732";"bt.D.x";"ipoib";".21"
"733";"imb_CPU";"ipoib";".21"
"734";"ondes3d";"ib";".21"
"735";"mg.D.x";"eth";".21"
"736";"ft.D.x";"ib";".21"
"737";"imb_memory";"ipoib";".21"
"738";"sp.D.x";"ipoib";".21"
"739";"ft.D.x";"eth";".21"
"740";"imb_CPU";"eth";".21"
"741";"imb_memory";"ib";".21"
"742";"intel";"eth";".21"
"743";"intel";"ipoib";".21"
"744";"lu.D.x";"ib";".21"
"745";"sp.D.x";"eth";".21"
"746";"mg.D.x";"ib";".21"
"747";"ondes3d";"eth";".21"
"748";"is.D.x";"eth";".21"
"749";"ep.D.x";"eth";".21"
"750";"ep.D.x";"ipoib";".21"
"751";"sp.D.x";"ib";".21"
"752";"lu.D.x";"ipoib";".21"
"753";"cg.D.x";"ib";".21"
"754";"imb_memory";"eth";".21"
"755";"imb_CPU";"ib";".21"
"756";"bt.D.x";"eth";".21"
"757";"lu.D.x";"ipoib";".22"
"758";"intel";"ipoib";".22"
"759";"lu.D.x";"eth";".22"
"760";"imb_CPU";"ib";".22"
"761";"bt.D.x";"eth";".22"
"762";"lu.D.x";"ib";".22"
"763";"imb_memory";"ipoib";".22"
"764";"bt.D.x";"ib";".22"
"765";"sp.D.x";"ipoib";".22"
"766";"ep.D.x";"ipoib";".22"
"767";"sp.D.x";"eth";".22"
"768";"intel";"eth";".22"
"769";"imb_memory";"eth";".22"
"770";"ft.D.x";"ipoib";".22"
"771";"mg.D.x";"ipoib";".22"
"772";"ondes3d";"ib";".22"
"773";"imb_CPU";"eth";".22"
"774";"ondes3d";"ipoib";".22"
"775";"ft.D.x";"eth";".22"
"776";"bt.D.x";"ipoib";".22"
"777";"ondes3d";"eth";".22"
"778";"mg.D.x";"ib";".22"
"779";"imb_CPU";"ipoib";".22"
"780";"cg.D.x";"ipoib";".22"
"781";"sp.D.x";"ib";".22"
"782";"ft.D.x";"ib";".22"
"783";"is.D.x";"ipoib";".22"
"784";"ep.D.x";"ib";".22"
"785";"is.D.x";"eth";".22"
"786";"cg.D.x";"eth";".22"
"787";"ep.D.x";"eth";".22"
"788";"imb_memory";"ib";".22"
"789";"is.D.x";"ib";".22"
"790";"intel";"ib";".22"
"791";"cg.D.x";"ib";".22"
"792";"mg.D.x";"eth";".22"
"793";"ondes3d";"eth";".23"
"794";"ep.D.x";"eth";".23"
"795";"intel";"ipoib";".23"
"796";"imb_CPU";"eth";".23"
"797";"ondes3d";"ipoib";".23"
"798";"ft.D.x";"ipoib";".23"
"799";"mg.D.x";"ipoib";".23"
"800";"intel";"eth";".23"
"801";"sp.D.x";"eth";".23"
"802";"ep.D.x";"ib";".23"
"803";"ep.D.x";"ipoib";".23"
"804";"imb_memory";"eth";".23"
"805";"is.D.x";"eth";".23"
"806";"is.D.x";"ib";".23"
"807";"lu.D.x";"eth";".23"
"808";"lu.D.x";"ib";".23"
"809";"bt.D.x";"ipoib";".23"
"810";"lu.D.x";"ipoib";".23"
"811";"bt.D.x";"ib";".23"
"812";"ondes3d";"ib";".23"
"813";"cg.D.x";"eth";".23"
"814";"ft.D.x";"eth";".23"
"815";"is.D.x";"ipoib";".23"
"816";"intel";"ib";".23"
"817";"imb_memory";"ipoib";".23"
"818";"sp.D.x";"ipoib";".23"
"819";"ft.D.x";"ib";".23"
"820";"sp.D.x";"ib";".23"
"821";"imb_CPU";"ib";".23"
"822";"imb_memory";"ib";".23"
"823";"mg.D.x";"eth";".23"
"824";"imb_CPU";"ipoib";".23"
"825";"mg.D.x";"ib";".23"
"826";"cg.D.x";"ipoib";".23"
"827";"cg.D.x";"ib";".23"
"828";"bt.D.x";"eth";".23"
"829";"ft.D.x";"eth";".24"
"830";"bt.D.x";"ipoib";".24"
"831";"imb_memory";"ib";".24"
"832";"ft.D.x";"ipoib";".24"
"833";"cg.D.x";"ipoib";".24"
"834";"imb_CPU";"ipoib";".24"
"835";"bt.D.x";"ib";".24"
"836";"mg.D.x";"ib";".24"
"837";"is.D.x";"eth";".24"
"838";"ondes3d";"ipoib";".24"
"839";"imb_CPU";"eth";".24"
"840";"is.D.x";"ib";".24"
"841";"cg.D.x";"eth";".24"
"842";"sp.D.x";"ipoib";".24"
"843";"lu.D.x";"ipoib";".24"
"844";"imb_memory";"ipoib";".24"
"845";"ep.D.x";"ib";".24"
"846";"is.D.x";"ipoib";".24"
"847";"ep.D.x";"ipoib";".24"
"848";"ep.D.x";"eth";".24"
"849";"imb_CPU";"ib";".24"
"850";"ondes3d";"eth";".24"
"851";"intel";"ib";".24"
"852";"intel";"ipoib";".24"
"853";"ft.D.x";"ib";".24"
"854";"mg.D.x";"ipoib";".24"
"855";"sp.D.x";"eth";".24"
"856";"cg.D.x";"ib";".24"
"857";"ondes3d";"ib";".24"
"858";"mg.D.x";"eth";".24"
"859";"imb_memory";"eth";".24"
"860";"lu.D.x";"eth";".24"
"861";"sp.D.x";"ib";".24"
"862";"bt.D.x";"eth";".24"
"863";"lu.D.x";"ib";".24"
"864";"intel";"eth";".24"
"865";"ep.D.x";"eth";".25"
"866";"intel";"eth";".25"
"867";"imb_CPU";"eth";".25"
"868";"ondes3d";"ib";".25"
"869";"sp.D.x";"eth";".25"
"870";"ft.D.x";"eth";".25"
"871";"imb_memory";"ipoib";".25"
"872";"bt.D.x";"ib";".25"
"873";"cg.D.x";"ipoib";".25"
"874";"ondes3d";"eth";".25"
"875";"lu.D.x";"ipoib";".25"
"876";"intel";"ipoib";".25"
"877";"is.D.x";"ipoib";".25"
"878";"ondes3d";"ipoib";".25"
"879";"is.D.x";"ib";".25"
"880";"ft.D.x";"ib";".25"
"881";"cg.D.x";"eth";".25"
"882";"mg.D.x";"eth";".25"
"883";"sp.D.x";"ipoib";".25"
"884";"ep.D.x";"ipoib";".25"
"885";"ep.D.x";"ib";".25"
"886";"is.D.x";"eth";".25"
"887";"mg.D.x";"ipoib";".25"
"888";"ft.D.x";"ipoib";".25"
"889";"intel";"ib";".25"
"890";"imb_CPU";"ipoib";".25"
"891";"lu.D.x";"ib";".25"
"892";"cg.D.x";"ib";".25"
"893";"imb_memory";"ib";".25"
"894";"lu.D.x";"eth";".25"
"895";"imb_CPU";"ib";".25"
"896";"mg.D.x";"ib";".25"
"897";"bt.D.x";"ipoib";".25"
"898";"sp.D.x";"ib";".25"
"899";"bt.D.x";"eth";".25"
"900";"imb_memory";"eth";".25"
"901";"cg.D.x";"ipoib";".26"
"902";"imb_CPU";"eth";".26"
"903";"lu.D.x";"ipoib";".26"
"904";"bt.D.x";"ib";".26"
"905";"bt.D.x";"ipoib";".26"
"906";"ondes3d";"ib";".26"
"907";"intel";"eth";".26"
"908";"lu.D.x";"ib";".26"
"909";"sp.D.x";"ib";".26"
"910";"ft.D.x";"ib";".26"
"911";"is.D.x";"eth";".26"
"912";"ep.D.x";"ib";".26"
"913";"ondes3d";"ipoib";".26"
"914";"mg.D.x";"ib";".26"
"915";"bt.D.x";"eth";".26"
"916";"imb_memory";"eth";".26"
"917";"sp.D.x";"ipoib";".26"
"918";"ondes3d";"eth";".26"
"919";"ft.D.x";"eth";".26"
"920";"mg.D.x";"eth";".26"
"921";"imb_CPU";"ib";".26"
"922";"lu.D.x";"eth";".26"
"923";"ep.D.x";"ipoib";".26"
"924";"intel";"ib";".26"
"925";"cg.D.x";"ib";".26"
"926";"imb_CPU";"ipoib";".26"
"927";"ft.D.x";"ipoib";".26"
"928";"imb_memory";"ib";".26"
"929";"mg.D.x";"ipoib";".26"
"930";"cg.D.x";"eth";".26"
"931";"is.D.x";"ib";".26"
"932";"ep.D.x";"eth";".26"
"933";"intel";"ipoib";".26"
"934";"is.D.x";"ipoib";".26"
"935";"imb_memory";"ipoib";".26"
"936";"sp.D.x";"eth";".26"
"937";"sp.D.x";"eth";".27"
"938";"lu.D.x";"ipoib";".27"
"939";"is.D.x";"ib";".27"
"940";"ep.D.x";"ipoib";".27"
"941";"cg.D.x";"ipoib";".27"
"942";"bt.D.x";"eth";".27"
"943";"is.D.x";"ipoib";".27"
"944";"imb_memory";"eth";".27"
"945";"intel";"ipoib";".27"
"946";"intel";"eth";".27"
"947";"imb_CPU";"eth";".27"
"948";"mg.D.x";"eth";".27"
"949";"sp.D.x";"ib";".27"
"950";"bt.D.x";"ipoib";".27"
"951";"ondes3d";"ipoib";".27"
"952";"imb_CPU";"ib";".27"
"953";"ondes3d";"eth";".27"
"954";"is.D.x";"eth";".27"
"955";"ondes3d";"ib";".27"
"956";"intel";"ib";".27"
"957";"cg.D.x";"eth";".27"
"958";"imb_CPU";"ipoib";".27"
"959";"bt.D.x";"ib";".27"
"960";"ft.D.x";"eth";".27"
"961";"mg.D.x";"ib";".27"
"962";"imb_memory";"ib";".27"
"963";"lu.D.x";"ib";".27"
"964";"imb_memory";"ipoib";".27"
"965";"mg.D.x";"ipoib";".27"
"966";"ep.D.x";"ib";".27"
"967";"cg.D.x";"ib";".27"
"968";"sp.D.x";"ipoib";".27"
"969";"ft.D.x";"ib";".27"
"970";"lu.D.x";"eth";".27"
"971";"ep.D.x";"eth";".27"
"972";"ft.D.x";"ipoib";".27"
"973";"ondes3d";"ipoib";".28"
"974";"is.D.x";"ib";".28"
"975";"intel";"ib";".28"
"976";"ondes3d";"eth";".28"
"977";"sp.D.x";"ib";".28"
"978";"ondes3d";"ib";".28"
"979";"ft.D.x";"ipoib";".28"
"980";"ep.D.x";"eth";".28"
"981";"is.D.x";"eth";".28"
"982";"ft.D.x";"ib";".28"
"983";"ep.D.x";"ib";".28"
"984";"imb_CPU";"ipoib";".28"
"985";"mg.D.x";"ib";".28"
"986";"imb_CPU";"eth";".28"
"987";"imb_memory";"ib";".28"
"988";"bt.D.x";"eth";".28"
"989";"cg.D.x";"ipoib";".28"
"990";"mg.D.x";"ipoib";".28"
"991";"mg.D.x";"eth";".28"
"992";"lu.D.x";"eth";".28"
"993";"bt.D.x";"ipoib";".28"
"994";"ft.D.x";"eth";".28"
"995";"is.D.x";"ipoib";".28"
"996";"bt.D.x";"ib";".28"
"997";"intel";"ipoib";".28"
"998";"imb_memory";"eth";".28"
"999";"cg.D.x";"ib";".28"
"1000";"imb_CPU";"ib";".28"
"1001";"lu.D.x";"ib";".28"
"1002";"intel";"eth";".28"
"1003";"cg.D.x";"eth";".28"
"1004";"sp.D.x";"ipoib";".28"
"1005";"ep.D.x";"ipoib";".28"
"1006";"sp.D.x";"eth";".28"
"1007";"lu.D.x";"ipoib";".28"
"1008";"imb_memory";"ipoib";".28"
"1009";"bt.D.x";"ib";".29"
"1010";"lu.D.x";"eth";".29"
"1011";"mg.D.x";"ib";".29"
"1012";"cg.D.x";"eth";".29"
"1013";"ep.D.x";"ipoib";".29"
"1014";"ft.D.x";"ib";".29"
"1015";"ep.D.x";"ib";".29"
"1016";"lu.D.x";"ib";".29"
"1017";"bt.D.x";"eth";".29"
"1018";"sp.D.x";"ipoib";".29"
"1019";"imb_CPU";"ipoib";".29"
"1020";"ft.D.x";"eth";".29"
"1021";"is.D.x";"ib";".29"
"1022";"sp.D.x";"ib";".29"
"1023";"ep.D.x";"eth";".29"
"1024";"cg.D.x";"ipoib";".29"
"1025";"mg.D.x";"eth";".29"
"1026";"ft.D.x";"ipoib";".29"
"1027";"is.D.x";"ipoib";".29"
"1028";"imb_memory";"ib";".29"
"1029";"intel";"ipoib";".29"
"1030";"ondes3d";"eth";".29"
"1031";"intel";"ib";".29"
"1032";"imb_memory";"eth";".29"
"1033";"cg.D.x";"ib";".29"
"1034";"ondes3d";"ib";".29"
"1035";"ondes3d";"ipoib";".29"
"1036";"imb_CPU";"ib";".29"
"1037";"mg.D.x";"ipoib";".29"
"1038";"lu.D.x";"ipoib";".29"
"1039";"sp.D.x";"eth";".29"
"1040";"intel";"eth";".29"
"1041";"is.D.x";"eth";".29"
"1042";"bt.D.x";"ipoib";".29"
"1043";"imb_memory";"ipoib";".29"
"1044";"imb_CPU";"eth";".29"
"1045";"sp.D.x";"ib";".30"
"1046";"imb_CPU";"ipoib";".30"
"1047";"imb_memory";"ib";".30"
"1048";"ft.D.x";"ib";".30"
"1049";"ep.D.x";"ipoib";".30"
"1050";"is.D.x";"eth";".30"
"1051";"ft.D.x";"eth";".30"
"1052";"imb_CPU";"eth";".30"
"1053";"ondes3d";"eth";".30"
"1054";"ondes3d";"ipoib";".30"
"1055";"bt.D.x";"ib";".30"
"1056";"imb_memory";"ipoib";".30"
"1057";"imb_CPU";"ib";".30"
"1058";"sp.D.x";"eth";".30"
"1059";"is.D.x";"ipoib";".30"
"1060";"lu.D.x";"eth";".30"
"1061";"lu.D.x";"ib";".30"
"1062";"sp.D.x";"ipoib";".30"
"1063";"ondes3d";"ib";".30"
"1064";"intel";"ipoib";".30"
"1065";"intel";"ib";".30"
"1066";"lu.D.x";"ipoib";".30"
"1067";"mg.D.x";"ipoib";".30"
"1068";"cg.D.x";"ib";".30"
"1069";"ep.D.x";"ib";".30"
"1070";"intel";"eth";".30"
"1071";"imb_memory";"eth";".30"
"1072";"bt.D.x";"eth";".30"
"1073";"mg.D.x";"eth";".30"
"1074";"mg.D.x";"ib";".30"
"1075";"ft.D.x";"ipoib";".30"
"1076";"is.D.x";"ib";".30"
"1077";"cg.D.x";"ipoib";".30"
"1078";"cg.D.x";"eth";".30"
"1079";"bt.D.x";"ipoib";".30"
"1080";"ep.D.x";"eth";".30"
